company_name,contact_name,contact_title,contact_email,email_subject,email_body,linkedin_note,language,personalization_notes
Shell Netherlands,Jan de Vries,Sustainability Manager,j.devries@example.com,Duurzaamheidsdoelen versnellen via medewerkersopleiding | Shell Netherlands,"Onderwerp: Duurzaamheidsdoelen versnellen via medewerkersopleiding

Hallo Jan,

Ik zag dat Shell Netherlands ambitieuze duurzaamheidsdoelen heeft gesteld en ben benieuwd hoe jullie medewerkers hierbij betrokken worden. Ons educatief platform helpt bedrijven zoals Shell Netherlands om duurzaamheidskennis structureel in te bedden via gerichte opleidingsprogramma's voor medewerkers.

Zou je openstaan voor een kort gesprek van 15 minuten om te verkennen of dit aansluit bij jullie aanpak?

Met vriendelijke groet,
Anne","Hallo Jan, ik volg de duurzaamheidsinitiatieven van Shell Netherlands en zie veel raakvlakken met ons educatief platform. Graag even sparren!",nl,[DRY-RUN] Mock draft
Eneco,Jan de Vries,Sustainability Manager,j.devries@example.com,Duurzaamheidsdoelen versnellen via medewerkersopleiding | Eneco,"Onderwerp: Duurzaamheidsdoelen versnellen via medewerkersopleiding

Hallo Jan,

Ik zag dat Eneco ambitieuze duurzaamheidsdoelen heeft gesteld en ben benieuwd hoe jullie medewerkers hierbij betrokken worden. Ons educatief platform helpt bedrijven zoals Eneco om duurzaamheidskennis structureel in te bedden via gerichte opleidingsprogramma's voor medewerkers.

Zou je openstaan voor een kort gesprek van 15 minuten om te verkennen of dit aansluit bij jullie aanpak?

Met vriendelijke groet,
Anne","Hallo Jan, ik volg de duurzaamheidsinitiatieven van Eneco en zie veel raakvlakken met ons educatief platform. Graag even sparren!",nl,[DRY-RUN] Mock draft
Vattenfall Netherlands,Jan de Vries,Sustainability Manager,j.devries@example.com,Duurzaamheidsdoelen versnellen via medewerkersopleiding | Vattenfall Netherlands,"Onderwerp: Duurzaamheidsdoelen versnellen via medewerkersopleiding

Hallo Jan,

Ik zag dat Vattenfall Netherlands ambitieuze duurzaamheidsdoelen heeft gesteld en ben benieuwd hoe jullie medewerkers hierbij betrokken worden. Ons educatief platform helpt bedrijven zoals Vattenfall Netherlands om duurzaamheidskennis structureel in te bedden via gerichte opleidingsprogramma's voor medewerkers.

Zou je openstaan voor een kort gesprek van 15 minuten om te verkennen of dit aansluit bij jullie aanpak?

Met vriendelijke groet,
Anne","Hallo Jan, ik volg de duurzaamheidsinitiatieven van Vattenfall Netherlands en zie veel raakvlakken met ons educatief platform. Graag even sparren!",nl,[DRY-RUN] Mock draft
